time,freemem@tsung_controller@Martins-MacBook-Air 
0,278.80859375 
10,268.09375 
20,148.1953125 
30,63.89453125 
40,56.74609375 
50,65.47265625 
60,56.44140625 
70,77.09765625 
80,155.33984375 
90,148.2734375 
100,142.56640625 
110,204.31640625 
120,199.6640625 
130,193.64453125 
140,198.41796875 
149,164.71875 
